name,source,gender,wikidata,type
"Puente del Diablo",wikidata,,Q6674,way
"AP-8 Supersur",,,,way
"Abandoibarra etorbidea",,,,way
"Abandoibarra etorbidea - Avenida Abandoibarra",,,,way
"Abandoibarra etorbidea / Avenida Abandoibarra",,,,way
"Abasolo kalea / Calle Abasolo",,,,way
"Abenduaren hamabiaren kalea / Calle Veintidos de Diciembre",,,,way
"Abusu kalea / Calle Abusu",,,,way
"Abusu zubia",,,,way
"Abuztuak 16 kalea",,,,way
"Acceso Bilbao Arena",,,,way
"Acceso Euskalduna",,,,way
"Acceso N-634",,,,way
"Acceso a Mina Primitiva",,,,way
"Acceso a ascensor",,,,way
"Acceso a huertas",,,,way
"Accesos Bilbao-San Mamés",,,,way
"Acebal Idigoras kalea",,,,way
"Agarre kalea / Calle del Agarre",,,,way
"Agirre anaien kalea / Calle Hermanos Agirre",,,,way
"Agirre lehendakariaren etorbidea",,,,way
"Aita Donostia plaza",,,,way
"Aita Esteban Pernet kalea",,,,way
"Aita Patxi plaza",,,,way
"Aixeona etxaldea / Grupo Aixe-Ona",,,,way
"Aizerrotabidea / Camino Molino de Viento",,,,way
"Alacant kalea / Calle Alicante",,,,way
"Alameda Doctor Areilza / Areiltza doktorearen zumarkalea",,,,way
"Alameda Gregorio de la Revilla / Gregorio de la Revilla zumarkalea",,,,way
"Alameda Mazarredo / Mazarredo zumarkalea",,,,way
"Alameda Recalde / Recalde zumarkalea",,,,way
"Alameda San Mamés / Santimami zumarkalea",,,,way
"Alameda Urquijo / Urkixo zumarkalea",,,,way
"Albacete kalea",,,,way
"Aldamiz mendiaren kalea",,,,way
"Alejandro de La Sota kantoia",,,,way
"Alfredo Etxabe kalea",,,,way
"Alfredo Kraus plaza / Plaza Alfredo Kraus",,,,way
"Altamira Barria kalea",,,,way
Aluzetabidea,,,,way
"Amadeo Deprit kalea / Calle Amadeo Deprit",,,,way
"Amadeus Mozart plaza / Plaza Amadeus Mozart",,,,way
"Amadeus Mozart zeharkalea / Travesía Amadeus Mozart",,,,way
"Ametzola plaza / Plaza de Ametzola",,,,way
"Anboto kalea",,,,way
"Andramari etxetaldea",,,,way
"Andres Eliseo kalea",,,,way
"Andrés Isasi kalea / Calle Andrés Isasi",,,,way
"Andrés Isasi zeharkalea / Travesía de Andrés Isasi",,,,way
"Angel Larroque margolariaren kalea / Calle Pintor Ángel Larroque",,,,way
"Angel Ortiz Alfau kalea",,,,way
"Angela Arregui plaza",,,,way
"Angela Figuera kalea / Calle Ángela Figuera",,,,way
"Anselmo Guinea Margolariaren Kalea",,,,way
"Antonio Eguiluz kalea",,,,way
"Arabella kalea / Calle Arabella",,,,way
"Arane kalea",,,,way
"Araneko kalea",,,,way
Aranekobidea,,,,way
"Arangoitiko pasabidea",,,,way
"Arbidea kalea",,,,way
"Arbidea kalea / Calle Arbidea",,,,way
"Arbieto kalea",,,,way
"Arbolantxa bidea",,,,way
"Arbolantxa zeharkalea / Travesía Arbolantxa",,,,way
"Archer marinelaren kalea",,,,way
"Área de Descanso",,,,way
"Areatza kalea",,,,way
"Areatzako zubia / Puente del Arenal",,,,way
Arenal,,,,relation
"Arenatza kobaren kalea / Calle Cueva Arenaza",,,,way
"Aretxabaleta bidea",,,,way
"Aretxabaleta kalea",,,,way
"Aretxaga kalea / Calle Aretxaga",,,,way
Argiñao,,,,way
"Armotxa kalea",,,,way
Armotxabidea,,,,way
"Arraiz etxealdea",,,,way
"Arriaga plaza",,,,relation+way
"Arrigorriaga - Bilbo errepidea / Carretera Arrigorriaga - Bilbao",,,,way
"Arriquibar enparantza",,,,way
"Arriquibar plaza",,,,way
"Arsuaga kalea",,,,way
"Artalandio kalea / Calle Artalandio",,,,way
"Artatzamina kalea / Calle Artasamina",,,,way
"Artazu kalea",,,,way
Artazubidea,,,,way
"Artazuriña kalea",,,,way
"Artetxe kondearen zumarkalea / Alameda del Conde Artetxe",,,,way
"Artsenal bidea",,,,way
"Artxanda - Santo Domingo errepidea",,,,way
"Artxanda Igoera / Subida Artxanda",,,,way
"Artxanda bidea",,,,way
"Artxandaren igoeraren kalea",,,,way
"Ascensor Artazu",,,,way
"Astarloa kalea",,,,way
"Asturias kalea / Calle Asturias",,,,way
"Atxetabide kalea",,,,way
"Atxuri kalea / Calle Atxuri",,,,way
"Auntzetxeta kalea",,,,way
"Auntzetxeta kalea / Calle Auntzetxeta",,,,way
"Aurelio Arteta Margolariaren kalea",,,,way
"Aurrekoetxea kalea",,,,way
"Autonomia kalea / Calle Autonomía",,,,way
"Autovía del Cantábrico",,,,way
"Avenida Abandoibarra",,,,way
"Avenida Askatasuna",,,,way
"Avenida Askatasuna / Askatasuna etorbidea",,,,way
"Avenida Bergara / Bergara etorbidea",,,,way
"Avenida Enekuri",,,,way
"Avenida Enekuri / Enekuri etorbidea",,,,way
"Avenida Jesus Galindez",,,,way
"Avenida Juan Antonio Zunzunegui etorbidea",,,,way
"Avenida Julián Gaiarre",,,,way
"Avenida Kirikiño / Kirikiño etorbidea",,,,way
"Avenida Lapurdi / Lapurdi etorbidea",,,,way
"Avenida Lehendakari Aguirre / Agirre lehendakariaren etorbidea",,,,way
"Avenida Madariaga / Madariaga etorbidea",,,,way
"Avenida Maurice Ravel / Maurice Ravel etorbidea",,,,way
"Avenida Miraflores",,,,way
"Avenida Montevideo / Montevideo etorbidea",,,,way
"Avenida Pau Casals",,,,way
"Avenida Pintor Lecuona / Lekuona margolariaren etorbidea",,,,way
"Avenida Reyes Católicos / Errege Katolikoen etorbidea",,,,way
"Avenida Sabino Arana / Sabino Arana etorbidea",,,,way
"Avenida Sabino Arana etorbidea",,,,way
"Avenida San Adrián / San Adrian etorbidea",,,,way
"Avenida Txomin Garat",,,,way
"Avenida Vergara / Bergara etorbidea",,,,way
"Avenida Zarandoa",,,,way
"Avenida Zarandoa / Zarandoa etorbidea",,,,way
"Avenida Zuberoa / Zuberoa etorbidea",,,,way
"Avenida Zumalacarregui",,,,way
"Avenida Zumalacárregui",,,,way
"Avenida Zumalacarregui / Zumalacarregui etorbidea",,,,way
"Avenida de Montevideo",,,,way
"Avenida de Ramón y Cajal / Ramón y Cajal etorbidea",,,,way
"Avenida de Sabino Arana / Sabino Arana etorbidea",,,,way
"Avenida de las Universidades / Unibertsitate etorbidea",,,,way
"Avenida del Ferrocarril",,,,way
"Avenida del Ferrocarril / Trenbideko etorbidea",,,,way
"Avril auzoa",,,,way
"Ayala kantzilerraren kalea",,,,way
"Azaroaren 25eko emakumeen plaza / Plaza de las Mujeres 25 de Noviembre",,,,way
"Azurleku auzoa",,,,way
"BI-3741 Carretera de Artxanda / Artxandako errepidea",,,,way
"BI-R8 Bilbao-Arrigorriaga Bidegorria",,,,way
"Babes kalea / Calle Amparo",,,,way
"Banco Bilbao kalea / Calle Banco Bilbao",,,,way
"Barinaga kalea",,,,way
"Barriada Lagunetxea Auzunea",,,,way
"Barriada Sarrikue / Sarrikue auzunea",,,,way
"Barrio Altamira / Altamira auzoa",,,,way
"Barrio Andra Maria de Begoña / Begoñako Andra Mari auzoa",,,,way
"Barrio Betolatza",,,,way
"Barrio Betolatza / Betolatza Auzoa",,,,way
"Barrio Caserío Larrazabal / Larrazabal Baserria auzoa",,,,way
"Barrio Gardeazabal / Gardeazabal auzoa",,,,way
"Barrio Ignacio Miranda / Ignacio Miranda auzunea",,,,way
"Barrio La Asunción",,,,way
"Barrio Larrazabal",,,,way
"Barrio Miravista",,,,way
"Barrio Monte Caramelo / Mintegitxueta auzoa",,,,way
"Barrio Uretamendi / Uretamendi auzoa",,,,way
"Barrio Zurbaran / Zurbaran auzoa",,,,way
"Barrio de La Cruz / Gurutze auzoa",,,,way
"Barrio de Masustegi",,,,way
"Barrio de Sto. Domingo",,,,way
"Basabidea kalea",,,,way
"Basarrate enparantza",,,,way
"Baso bidea",,,,way
Basobidea,,,,way
"Basterra kalea / Calle Basterra",,,,way
"Basurto - Kaxtresana errepidea",,,,way
"Basurto-Kastrexana errepidea",,,,way
"Basurto-Kaxtresana errepidea",,,,way
"Basurtoko Geltokiaren kalea",,,,way
"Basurtubekoa kalea / Calle Basurtubekoa",,,,way
"Basurtugorta plaza",,,,way
"Basurtuko Kaputxinoen kalea",,,,way
"Basurtuko kaputxinoen kalea",,,,way
"Basurtuko kaputxinoen kalea / Calle Capuchinos de Basurtu",,,,way
"Begoñako Andra Maria kalea / Calle Virgen de Begoña",,,,way
"Begoñako Batasun etxaldea / Grupo Unión Begoñesa",,,,way
"Begoñako Errepublika kalea / Calle República de Begoña",,,,way
"Begoñako Hilerriaren bidea",,,,way
"Begoñalde etxetaldea / Grupo Begoñalde",,,,way
"Begoñazpi auzoa",,,,way
"Begoñazpi kalea",,,,way
"Behekobide kalea",,,,way
"Belategi Plaza",,,,way
"Benidorm kalea",,,,way
"Benta estrata",,,,way
"Bentazarra kalea",,,,way
"Berastegui kalea",,,,way
"Bernardino Alonso Udaltzainaren kalea",,,,way
"Bernardino Garaizar kalea / Calle Bernardino Garaizar",,,,way
"Berriozar kalea",,,,way
"Berriz kalea",,,,way
Berrizbidea,,,,way
"Betolaza Goikoa kalea",,,,way
"Bideberri kalea",,,,way
"Bidegorri Getxo-Bilbao",,,,way
Bidegorria,,,,way
"Bilbao - Atxukarro errepidea",,,,way
"Bilbao - Barakaldo bidegorria",,,,way
"Bilbao Arena eskailerak / Escaleras Bilbao Arena",,,,way
"Bilbao Arena sarbidea / Acceso Bilbao Arena",,,,way
"Bilbo Zaharra kalea / Calle Bilbao la Vieja",,,,way
"Bilbo-Galdakao errepidea / Carretera Bilbao-Galdakao",,,,way
"Bilbo-San Mamés sarbidea / Accesos Bilbao-San Mames",,,,way
"Bilboko konsuletxearen plaza / Plaza Consulado de Bilbao",,,,way
"Bilintxi kalea",,,,way
"Birjinetxe plaza / Plaza Birjinetxe",,,,way
"Bizikidetasun plaza / Plaza de la Convivencia",,,,way
"Bizkaia plaza",,,,way
"Bizkorta Estrata",,,,way
Bolintxubidea,,,,way
"Boluetako Santa Ana kalea",,,,way
"Boluetako Santa Ana zubia",,,,way
"Botikazar erribera / Ribera de Botica Vieja",,,,way
"Boulevard Ametzola",,,,relation
"Boulevard de La Pérgola",,,,way
"Bruno Mauricio Zabala kalea / Calle Bruno Mauricio Zabala",,,,way
"Bruno Mauricio Zabala zeharkalea / Travesía Bruno Mauricio Zabala",,,,way
"Buena Vista aldapa",,,,way
"Buia etorbidea",,,,way
"Cale Escultor Francisco Durrio / Francisco Durrio eskultorearen kalea",,,,way
"Calle Alcalde Felipe Uhagón / Felipe Uhagon alkatearen kalea",,,,way
"Calle Almirante Antonio Gaztañeta / Antonio Gaztañeta almirantearen kalea",,,,way
"Calle Almirantes Oquendo / Okendo Almiranteen kalea",,,,way
"Calle Alto de Kanpazar",,,,way
"Calle Altube",,,,way
"Calle Altube / Altube kalea",,,,way
"Calle Amistad / Adiskidetasun kalea",,,,way
"Calle Anboto / Anboto kalea",,,,way
"Calle Andalucía / Andaluzia kalea",,,,way
"Calle Andrés Eliseo de Mañaricua / Andres Eliseo de Mañaricua kalea",,,,way
"Calle Andrés Isasi / Andres Isasi kalea",,,,way
"Calle Ángela Figuera",,,,way
"Calle Anselma de Salces / Anselma de Salces kalea",,,,way
"Calle Antonio Trueba / Antonio Trueba kalea",,,,way
"Calle Araba / Araba kalea",,,,way
"Calle Aragón / Aragoi kalea",,,,way
"Calle Aralar / Aralar kalea",,,,way
"Calle Arane / Arane kalea",,,,way
"Calle Araneko / Araneko kalea",,,,way
"Calle Arbolagana / Arbolagana kalea",,,,way
"Calle Arbolantxa / Arbolantxa kalea",,,,way
"Calle Arechavaleta / Arechavaleta kalea",,,,way
"Calle Arginao / Arginao kalea",,,,way
"Calle Arnotegi / Arnotegi kalea",,,,way
"Calle Artatzamina / Artatzamina kalea",,,,way
"Calle Artazu",,,,way
"Calle Artekale / Artekale",,,,way
"Calle Arturo Campion / Arturo Campion kalea",,,,way
"Calle Arturo Campión / Arturo Campion kalea",,,,way
"Calle Askao / Askao kalea",,,,way
"Calle Astillero",,,,way
"Calle Astillero / Untziola kalea",,,,way
"Calle Asturias / Asturias kalea",,,,way
"Calle Ategorri Txakolindegia",,,,way
"Calle Atxetabidea",,,,way
"Calle Aureliano Valle / Aureliano Valle kalea",,,,way
"Calle Autonomía / Autonomia kalea",,,,way
"Calle Ávila / Avila kalea",,,,way
"Calle Badajoz / Badajoz kalea",,,,way
"Calle Bailén / Bailen kalea",,,,way
"Calle Baiona / Baiona kalea",,,,way
"Calle Bakio / Bakio kalea",,,,way
"Calle Ballets Olaeta / Ballets Olaeta kalea",,,,way
"Calle Banco de España / Banco España Kalea",,,,way
"Calle Barraincua / Barrainkua kalea",,,,way
"Calle Barrenkale / Barrenkale",,,,way
"Calle Barrenkale Barrena / Barrenkale Barrena",,,,way
"Calle Barroeta Aldamar / Barroeta Aldamar kalea",,,,way
"Calle Batalla de Padura / Padurako guduaren kalea",,,,way
"Calle Batalla de Roncesvalles / Orreagako guduaren kalea",,,,way
"Calle Beata Margarita López de Maturana",,,,way
"Calle Belategi",,,,way
"Calle Belosticalle / Belostikale",,,,way
"Calle Benidorm / Benidorm kalea",,,,way
"Calle Benita Asas / Benita Asas kalea",,,,way
"Calle Benito Alberdi / Benito Alberdi kalea",,,,way
"Calle Bertendona / Bertendona kalea",,,,way
"Calle Biarritz / Biarritz kalea",,,,way
"Calle Bidebarrieta / Bidebarrieta kalea",,,,way
"Calle Bilbao Izaurieta / Bilbao Izaurieta kalea",,,,way
"Calle Bizkargi / Bizkargi kalea",,,,way
"Calle Blas de Otero / Blas de Otero kalea",,,,way
"Calle Bombero David Zalbide",,,,way
"Calle Buen Pastor / Artzain Onaren kalea",,,,way
"Calle Buenos Aires / Buenos Aires kalea",,,,way
"Calle Burgos / Burgos kalea",,,,way
"Calle Butrón / Butroe kalea",,,,way
"Calle Cáceres / Caceres kalea",,,,way
"Calle Calixto Díez / Calixto Diez kalea",,,,way
"Calle Calixto Leguina / Calixto Leguina kalea",,,,way
"Calle Camilo Villabaso / Camilo Villabaso kalea",,,,way
"Calle Canal de Deusto",,,,way
"Calle Canal de Deusto / Deustuko kanaleko kalea",,,,way
"Calle Canciller Ayala / Aiala kantzilerraren kalea",,,,way
"Calle Cantabria",,,,way
"Calle Cantabria / Cantabria kalea",,,,way
"Calle Cantalojas / Cantalojas kalea",,,,way
"Calle Cantera / Harrobi kalea",,,,way
"Calle Cardenal Gardoqui / Gardoki kardenalaren kalea",,,,way
"Calle Carnicería Vieja / Arategizar kalea",,,,way
"Calle Caserio Garro / Garro baserria kalea",,,,way
"Calle Caserío Landaburu",,,,way
"Calle Castaños / Castaños kalea",,,,way
"Calle Catalunya / Cataunya kalea",,,,way
"Calle Cinturería / Gerrikogin kalea",,,,way
"Calle Circunvalación",,,,way
"Calle Ciudadela / Ciudadela kalea",,,,way
"Calle Clara Campoamor",,,,way
"Calle Claudio Gallastegi",,,,way
"Calle Colón de Larreategui / Colon de Larreategui kalea",,,,way
"Calle Concepción / Kontzezio kalea",,,,way
"Calle Correo / Posta kalea",,,,way
"Calle Cortes / Gorte kalea",,,,way
"Calle Cosme Echevarrieta / Cosme Echevarrieta kalea",,,,way
"Calle Cueva Altxerri / Altxerri kobaren kalea",,,,way
"Calle Cueva Goikolau / Goikolau kobaren kalea",,,,way
"Calle Cueva Santimamiñe / Satimamiñe kobaren kalea",,,,way
"Calle Cuevas Ekain / Ekain koben kalea",,,,way
"Calle Diputación / Diputazio kalea",,,,way
"Calle Dique / Dike kalea",,,,way
"Calle Doctor Alberca / Alberca doktorearen kalea",,,,way
"Calle Doctor Carmelo Gil / Carmelo Gil doktorearen kalea",,,,way
"Calle Doctor Díaz Emparanza / Diaz Emparanza doktorearen kalea",,,,way
"Calle Doctor Entrecanales / Entrecanales doktorearen kalea",,,,way
"Calle Doctor Félix Landín / Felix Landin doktorearen kalea",,,,way
"Calle Doctor Guimón Rezola / Guimon Rezola dokotorearen kalea",,,,way
"Calle Doctor Nicolás Achúcarro / Atxukarro doktorearen kalea",,,,way
"Calle Dolores Ibarruri / Dolores Ibarruri kalea",,,,way
"Calle Dos de Mayo / Maiatzaren biko kalea",,,,way
"Calle Durango / Durango kalea",,,,way
"Calle Egaña / Egaña kalea",,,,way
"Calle Eguileor / Eguileor kalea",,,,way
"Calle Elcano / Elcano kalea",,,,way
"Calle Elexabarri / Elexabarri kalea",,,,way
"Calle Elizondo",,,,way
"Calle Emilio Arrieta / Emilio Arrieta kalea",,,,way
"Calle Encartaciones / Enkarterri kalea",,,,way
"Calle Enderika / Enderika kalea",,,,way
"Calle Enrique Eguren / Enrique Eguren kalea",,,,way
"Calle Epalza / Epalza kalea",,,,way
"Calle Epetxa / Epetxa kalea",,,,way
"Calle Ercilla / Ercilla kalea",,,,way
"Calle Erregatu",,,,way
"Calle Erronkari / Erronkari kalea",,,,way
"Calle Escurce / Eskurtze kalea",,,,way
"Calle Eskurtze / Eskurtze kalea",,,,way
"Calle Esperanto",,,,way
"Calle Esperanza / Itxaropen kalea",,,,way
"Calle Estación de Basurtu / Basurtuko geltokiko kalea",,,,way
"Calle Estación de Zorrotza",,,,way
"Calle Estrauntza / Estrauntza kalea",,,,way
"Calle Etxepare / Etxepare kalea",,,,way
"Calle Etxezuri / Etxezuri kalea",,,,way
"Calle Euskalduna / Euskalduna kalea",,,,way
"Calle Extremadura / Extremadura kalea",,,,way
"Calle Felipe Serrate",,,,way
"Calle Felipe Serrate / Felipe Serrate kalea",,,,way
"Calle Fernández del Campo / Fernandez del Campo kalea",,,,way
"Calle Filomena Baldezate / Filomena Baldezate kalea",,,,way
"Calle Fontecha y Salazar / Fontecha eta Salazar kalea",,,,way
"Calle Francesc Macia / Francesc Macia kalea",,,,way
"Calle Fueros / Foru kalea",,,,way
"Calle Gabriel Aresti",,,,way
"Calle Galicia / Galizia kalea",,,,way
"Calle García Salazar / Garcia Salazar kalea",,,,way
"Calle Gasteiz",,,,way
"Calle General Castillo / Castillo jeneralaren kalea",,,,way
"Calle General Concha",,,,way
"Calle General Concha / Concha jeneralaren kalea",,,,way
"Calle General Eguía / Egia jeneralaren kalea",,,,way
"Calle General Eraso / Eraso jeneralaren kalea",,,,way
"Calle General Salazar / Salazar jeneralaren kalea",,,,way
"Calle Gimnasio / Gimnasio kalea",,,,way
"Calle Gipuzkoa / Gipuzkoa kalea",,,,way
"Calle Goiko Torre / Goiko Torre kalea",,,,way
"Calle Goitia / Goitia kalea",,,,way
"Calle Gorbeia / Gorbeia kalea",,,,way
"Calle Gordóniz / Gordoniz kalea",,,,way
"Calle Goya / Goya kalea",,,,way
"Calle Goyo Nadal",,,,way
"Calle Gregorio Balpalrda",,,,way
"Calle Gregorio Balparda / Gregorio Balparda kalea",,,,way
"Calle Heliodoro de la Torre / Heliodoro de la Torre kalea",,,,way
"Calle Henao / Henao kalea",,,,way
"Calle Hernani / Hernani kalea",,,,way
"Calle Heros / Heros kalea",,,,way
"Calle Hijas de la Caridad / Karitateko Alaben kalea",,,,way
"Calle Hurtado de Amézaga / Hurtado de Amezaga kalea",,,,way
"Calle Ibaialde / Ibaialde kalea",,,,way
"Calle Ibañez de Bilbao / Ibañez de Bilbao kalea",,,,way
"Calle Ibarrekolanda / Ibarrekolanda kalea",,,,way
"Calle Illes Balears / Illes Balears kalea",,,,way
"Calle Indautxu / Indautxu kalea",,,,way
"Calle Iparraguirre / Iparraguirre kalea",,,,way
"Calle Irala / Irala kalea",,,,way
"Calle Iruña / Iruña kalea",,,,way
"Calle Islas Canarias - Kanariar Uharteen kalea",,,,way
"Calle Islas Canarias / Kanariar Uharteen kalea",,,,way
"Calle Iturribarria / Iturribarria kalea",,,,way
"Calle Iturribide / Iturribide kalea",,,,way
"Calle Iturrigorri",,,,way
"Calle Iturriza / Iturriza kalea",,,,way
"Calle Izarra / Izarra kalea",,,,way
"Calle Jaén / Jaen kalea",,,,way
"Calle Jardines / Jardines kalea",,,,way
"Calle Jardines Gernika",,,,way
"Calle Jardintxikerra / Jardintxikerra kalea",,,,way
"Calle Jata / Jata kalea",,,,way
"Calle Jon Arrospide / Jon Arrospide kalea",,,,way
"Calle José María Escuza / Jose Maria Escuza kalea",,,,way
"Calle José María Olavarri",,,,way
"Calle José María Olavarri / Jose Maria Olavarri kalea",,,,way
"Calle José Olabarria / Jose Olabarria kalea",,,,way
"Calle Juan Ajuriaguerra / Juan Ajuriaguerra kalea",,,,way
"Calle Juan de Antxeta / Juan de Antxeta kalea",,,,way
"Calle Juan de Urbieta / Juan de Urbieta kalea",,,,way
"Calle Julio Urquijo / Julio Urquijo kalea",,,,way
"Calle Kadagua",,,,way
"Calle Karmelo",,,,way
"Calle La Cruz / Gurutze kalea",,,,way
"Calle La Laguna / Aintzira kalea",,,,way
"Calle La Paz / Bake kalea",,,,way
"Calle La Rioja / Errioxa kalea",,,,way
"Calle La Salve / Salbe kalea",,,,way
"Calle Labayru / Labayru kalea",,,,way
"Calle Lamana / Lamana kalea",,,,way
"Calle Langaran",,,,way
"Calle Larrakotorre / Larrakotorre kalea",,,,way
"Calle Larraskitu / Larraskitu kalea",,,,way
"Calle Las Piedritas",,,,way
"Calle Lasao",,,,way
"Calle Ledesma / Ledesma kalea",,,,way
"Calle Lekeitio / Lekeitio kalea",,,,way
"Calle Lemoatz",,,,way
"Calle León de Uruñuela",,,,way
"Calle León de Uruñuela / Leon de Uruñuela kalea",,,,way
"Calle Lersundi / Lersundi kalea",,,,way
"Calle Lezeaga",,,,way
"Calle Libertad",,,,way
"Calle Licenciado Poza / Poza lizentziatuaren kalea",,,,way
"Calle Logroño / Logroño kalea",,,,way
"Calle Los Mimbres / Zumadi kalea",,,,way
"Calle Lotería / Loteria kalea",,,,way
"Calle Lozoño",,,,way
"Calle Luis Braille / Luis Braille kalea",,,,way
"Calle Luis Briñas / Luis Briñas kalea",,,,way
"Calle Luis Iruarrizaga / Luis Iruarrizaga kalea",,,,way
"Calle Luis Power / Luis Power kalea",,,,way
"Calle Lutxana / Lutxana kalea",,,,way
"Calle Luzarra / Luzarra kalea",,,,way
"Calle Machín / Machin kalea",,,,way
"Calle Maestro Damián González / Damian Gonzalez maisuaren kalea",,,,way
"Calle Maestro García Rivero / Garcia Rivero maisuaren kalea",,,,way
"Calle Malmasin",,,,way
"Calle Mandobide / Mandobide kalea",,,,way
"Calle Manuel Allende / Manuel Allende kalea",,,,way
"Calle Mar Mediterraneo / Mediterraneo Itsasoaren kalea",,,,way
"Calle Marcelino Oreja / Marcelino Oreja kalea",,,,way
"Calle María Díaz de Haro / Maria Diaz Haroko kalea",,,,way
"Calle María Muñoz / Maria Muñoz kalea",,,,way
"Calle María Victoria Uribe Laso / Maria Victoria Uribe Laso kalea",,,,way
"Calle Marqués del Puerto / Portuko markesaren kalea",,,,way
"Calle Matiko / Matiko kalea",,,,way
"Calle Matilde Orbegozo / Matilde Orbegozo kalea",,,,way
"Calle Máximo Aguirre / Maximo Aguirre kalea",,,,way
"Calle Medina de Pomar / Medina de Pomar kalea",,,,way
"Calle Mendipe / Mendipe kalea",,,,way
"Calle Mérida / Merida kalea",,,,way
"Calle Mikel Zarate / Mikel Zarate kalea",,,,way
"Calle Mina Julia / Julia meategiaren kalea",,,,way
"Calle Miramar / Miramar kalea",,,,way
"Calle Moncada / Moncada kalea",,,,way
"Calle Monte Aldamiz / Aldamiz mendiaren kalea",,,,way
"Calle Monte Arno / Arno mendiaren kalea",,,,way
"Calle Monte Elorriaga / Elorriaga mendiaren kalea",,,,way
"Calle Monte Eretza / Eretza mendiaren kalea",,,,way
"Calle Monte Gabika / Gabika mendiaren kalea",,,,way
"Calle Monte Ganekogorta / Ganekogorta mendiaren kalea",,,,way
"Calle Monte Ganeta / Ganeta mendiaren kalea",,,,way
"Calle Monte Intxorta / Intxorta mendiaren kalea",,,,way
"Calle Monte Izaro / Izaro mendiaren kalea",,,,way
"Calle Monte Jata / Jata mediaren kalea",,,,way
"Calle Monte Mandoia",,,,way
"Calle Monte Saibigain / Saibigain mendiaren kalea",,,,way
"Calle Morgan",,,,way
"Calle Morgan / Morgan kalea",,,,way
"Calle Múgica y Butrón / Muxika eta Butroe kalea",,,,way
"Calle Muros de San Pedro / Muros de San Pedro kalea",,,,way
"Calle Músico Sarasate / Saratsate musikariaren kalea",,,,way
"Calle Músico Usandizaga",,,,way
"Calle Naja / Naxa kalea",,,,way
"Calle Navarra / Nafarroa kalea",,,,way
"Calle Navarro Villoslada / Navarro Villoslada kalea",,,,way
"Calle Nemesio Mogrobejo / Nemesio Mogrobejo kalea",,,,way
"Calle Nervión / Nerbioi kalea",,,,way
"Calle Nicolás Alcorta / Nicolas Alcorta kalea",,,,way
"Calle Novia Salcedo / Novia Salcedo kalea",,,,way
"Calle Nuestra Señora de Montserrat",,,,way
"Calle Nueva / Kale Barria",,,,way
"Calle Obispo Orueta / Orueta apezpikuaren kalea",,,,way
"Calle Olano",,,,way
"Calle Olite / Erriberri kalea",,,,way
"Calle Orixe / Orixe kalea",,,,way
"Calle Oruetabidea",,,,way
"Calle Pablo Picasso / Pablo Picasso kalea",,,,way
"Calle Pablo de Alzola / Pablo de Alzola kalea",,,,way
"Calle Padre Larramendi / Aita Larramendi kalea",,,,way
"Calle Padre Lojendio / Aita Lojendio kalea",,,,way
"Calle Párroco Vicente Zabala / Vicente Zabala parrokoaren kalea",,,,way
"Calle Pastelerías",,,,way
"Calle Pedro Ibarretxe / Pedro Ibarretxe kalea",,,,way
"Calle Peñascal",,,,way
"Calle Pérez Galdós / Perez Galdos kalea",,,,way
"Calle Pintor Antonio Guezala / Guezala margolariaren kalea",,,,way
"Calle Pintor Ignacio Zuloaga / Ignacio Zuloaga margolaria kalea",,,,way
"Calle Pintor Losada",,,,way
"Calle Pintor Tellaetxe",,,,way
"Calle Pintor Tellaetxe / Tellaetxe margolariaren kalea",,,,way
"Calle Pintores Arrue / Arrue Margolarien kalea",,,,way
"Calle Pintores Zubiaurre / Zubiaurre margolarien kalea",,,,way
"Calle Prim / Prim kalea",,,,way
"Calle Príncipe / Printzipe kalea",,,,way
"Calle Príncipe de Viana / Vianako printzearen kalea",,,,way
"Calle Rafaela Ybarra / Rafaela Ybarra kalea",,,,way
"Calle República de Begoña",,,,way
"Calle Ribera / Erribera kalea",,,,way
"Calle Ricardo Arregui / Ricardo Arregui kalea",,,,way
"Calle Ricardo Gutiérrez Abascal / Ricardo Gutierrez Abascal kalea",,,,way
"Calle Ripa / Erripa kalea",,,,way
"Calle Rodríguez Arias",,,,way
"Calle Rodríguez Arias / Rodriguez Arias kalea",,,,way
"Calle Ronda / Erronda kalea",,,,way
"Calle Sagardui / Sagardui kalea",,,,way
"Calle Sagrada Familia / Familia Santuaren kalea",,,,way
"Calle Salou / Salou kalea",,,,way
"Calle San Francisco / San Frantzisko kalea",,,,way
"Calle San Isidro",,,,way
"Calle San Nicolás de Olabeaga / San Nikolas Olabeaga kalea",,,,way
"Calle San Roke / San Roke kalea",,,,way
"Calle San Vicente / Done Bikendi kalea",,,,way
"Calle Santa María / Andra Maria kalea",,,,way
"Calle Santander / Santander kalea",,,,way
"Calle Santiago Apóstol / Done Jakue kalea",,,,way
"Calle Santiago Brouard / Santiago Brouard kalea",,,,way
"Calle Santuxu",,,,way
"Calle Sasiburu",,,,way
"Calle Saturrarán / Saturraran kalea",,,,way
"Calle Seber Altube / Seber Altube kalea",,,,way
"Calle Sendeja / Zingira kalea",,,,way
"Calle Severo Unzúe / Severo Unzue kalea",,,,way
"Calle Simón Bolívar / Simon Bolivar kalea",,,,way
"Calle Solokoetxe / Solokoetxe kalea",,,,way
"Calle Sombrerería / Kapelagile kalea",,,,way
"Calle Somera / Goienkale",,,,way
"Calle Tellagorri / Tellagorri kalea",,,,way
"Calle Tellería",,,,way
"Calle Tendería / Dendarikale kalea",,,,way
"Calle Teófilo Guiard / Teófilo Guiard kalea",,,,way
"Calle Tiboli / Tiboli kalea",,,,way
"Calle Toribia Alzaga / Toribio Alzaga kalea",,,,way
"Calle Trauko / Trauko kalea",,,,way
"Calle Tren de Deusto / Deustuko trenaren kalea",,,,way
"Calle Tristán de Leguizamón / Tristan de Leguizamon kalea",,,,way
"Calle Tudela / Tutera kalea",,,,way
"Calle Txakolin / Txakolin kalea",,,,way
"Calle Ugalde / Ugalde kalea",,,,way
"Calle Universidad de Oñate",,,,way
"Calle Universidad de Oñate / Oñatiko Unibertsitatearen kalea",,,,way
"Calle Urazurrutia",,,,way
"Calle Urgozo / Urgozo kalea",,,,way
"Calle Uribarri / Uribarri kalea",,,,way
"Calle Uribitarte / Uribitarte kalea",,,,way
"Calle Uriortu / Uriortu kalea",,,,way
"Calle Urizar / Urizar kalea",,,,way
"Calle Urkiola / Urkiola kalea",,,,way
"Calle Urrutia / Urrutia kalea",,,,way
"Calle Villarías / Villarias kalea",,,,way
"Calle Virgen de Begoña",,,,way
"Calle Virgen de Begoña / Begoñako Andra Maria kalea",,,,way
"Calle Viuda de Epalza / Epaltzaren alargunaren kalea",,,,way
"Calle Xenpelar / Xenpelar kalea",,,,way
"Calle Zabalbide",,,,way
"Calle Zabalbide / Zabalbide kalea",,,,way
"Calle Zamácola",,,,way
"Calle Zamacola / Zamacola kalea",,,,way
"Calle Zankoeta / Zankoeta kalea",,,,way
"Calle Zorrotzabaso / Zorrotzabaso kalea",,,,way
"Calle Zorrotzagana",,,,way
"Calle Zorrotzagana /Zorrotzagana kalea",,,,way
"Calle Zugastinobia / Zugastinobia kalea",,,,way
"Calle Zumaia / Zumaia kalea",,,,way
"Calle Zumarraga",,,,way
"Calle Zurbaran / Zurbaran kalea",,,,way
"Calle de Ramón Rubial",,,,way
"Calle de Tellae",,,,way
"Calle de la Estación",,,,way
"Calle de la Pelota / Pilota kalea",,,,way
"Calle del Cristo / Kristo kalea",,,,way
"Calle del Doctor Espinosa Oribe",,,,way
"Calle del Perro / Txakur kalea",,,,way
"Calle del Víctor / Viktor kalea",,,,way
"Calleja del Tránsito",,,,way
"Calzada de Maiona",,,,way
"Calzadas de Mallona / Maiona bildarriak",,,,way
"Camino Aranekobidea / Aranekobidea",,,,way
"Camino Arbolantxa",,,,way
"Camino Arraizbidea / Arraizbidea",,,,way
"Camino Azkarai",,,,way
"Camino Berriz",,,,way
"Camino Goiribeaskoa / Goiribeaskoa bidea",,,,way
"Camino Kobetamendia",,,,way
"Camino Landeta / Landetabidea",,,,way
"Camino Los Mimbres / Zumadibidea",,,,way
"Camino Mina Malaespera",,,,way
"Camino Peñascal / Peñascal bidea",,,,way
"Camino Pontón",,,,way
"Camino Ugaskobidea",,,,way
"Camino Venta Alta / Beteluribidea",,,,way
"Camino Vía Vieja de Lezama",,,,way
"Camino Vía Vieja de Lezama / Lezamako trenbide zaharreko bidea",,,,way
"Camino Zorrozgoiti",,,,way
"Camino Zorrozgoiti / Zorrozgoitibidea",,,,way
"Camino cortado por obras / Obrek moztutako bidea",,,,way
"Camino de El Polvorín",,,,way
"Camino de Ibarrekolanda / Ibarrekolandabidea",,,,way
"Camino de Kobeta / Kobetabidea",,,,way
"Camino de Olagorta",,,,way
"Camino de Santa Marina",,,,way
"Camino de Ugasko",,,,way
"Camino de Urizar",,,,way
"Camino de Zubisikubidea",,,,way
"Camino de la Junquera / Ihitzabidea",,,,way
"Camino de la Ventosa",,,,way
"Camino de la Ventosa / Ventosa bidea",,,,way
"Camino de la Vía La Punta",,,,way
"Camino en mal estado",,,,way
"Campa San Justo / San Justi landa",,,,way
"Campo Volantin pasealekua / Paseo Campo Volantín",,,,way
"Cantarranas kalea / Calle Cantarranas",,,,way
"Cantón Alejandro de La Sota / Alejandro de La Sota kantoia",,,,way
"Carmelo Bernaola kalea / Calle Carmelo Bernaola",,,,way
"Carrera de Santiago / Done Jakue karrera",,,,way
"Carretera Arrigorriaga - Bilbao (Buia)",,,,way
"Carretera Basurtu - Kastrexana",,,,way
"Carretera Basurtu-Kastrexana / Basurtu-Kastrexana errepidea",,,,way
"Carretera Bilbao-Galdakao",,,,way
"Carretera Cantera",,,,way
"Carretera Circunvalación / Ingurubidea errepidea",,,,way
"Carretera Errekalde-Larraskitu / Errekalde-Larraskitu errepidea",,,,way
"Carretera Zazpilanda / Zazpilandako errepidea",,,,way
"Carretera Zorrotza-Kastrexana / Zorrotza-Kastrexana errepidea",,,,way
"Carretera de Zabalgarbi",,,,way
"Carretera del Hospital Santa Marina",,,,way
"Carretera del Hospital Santa Marina a Kukullaga",,,,way
"Celestino María del Arenal plaza / Plaza Celestino María del Arenal",,,,way
"Celso Negueruela plaza / Plaza Celso Negueruela",,,,way
"Circo Amateur Club Deportivo Kalea",,,,way
"Ciudadela kalea / Calle Ciudadela",,,,way
"Clara Campoamor kalea",,,,way
"Club Deportivoren Zirko Amateurraren kalea",,,,way
"Club Deportivoren Zirko Amateurraren kalea / Calle Circo Amateur Club Deportivo",,,,way
"Cocherito de Bilbao kalea",,,,way
"Colombo kalea",,,,way
"Concha jeneralaren kalea / Calle General Concha",,,,way
"Constantino tenorearen kalea / Calle Tenor Constantino",,,,way
"Corredor del Cadagua",,,,way
"Costa kalea",,,,way
"Cuesta de Olabeaga kalea",,,,way
"Dario de Regoyos kalea / Calle Darío de Regoyos",,,,way
"Dario de Regoyos kalea / Calle Regoyos",,,,way
"Descenso de Potongo DH",,,,way
"Deusto Barria taldea",,,,way
"Deustuko kaputxinoen aldapa",,,,way
"Deustuko zubia / Puente de Deustu",,,,way
"Diaz Emparanza doktorearen kalea / Calle Doctor Díaz Emparanza",,,,way
"Doctor Diaz Emparanza kalea",,,,way
"Dolaretxe auzoa",,,,way
"Dolaretxe kalea",,,,way
"Dolaretxe plaza",,,,way
"Domingo de Agirre kalea",,,,way
"Done Jakue plazatxoa",,,,way
"Done Jakue plazatxoa / Plazuela Santiago",,,,way
"Done Petri plaza / Plaza San Pedro",,,,way
"Donibane Plazatxoa",,,,way
"Donostia-San Sebastian kalea / Calle Donostia - San Sebastián",,,,way
"Dorre kalea / Calle La Torre",,,,way
"Durango kalea / Calle Durango",,,,way
"Eduardo Victoria de Lecea pasealekua / Paseo de Eduardo Victoria de Lecea",,,,way
"Eduardo Zamacois margolariaren kalea / Calle Pintor Zamacois",,,,way
"Egia jeneralaren kalea / Calle General Eguía",,,,way
"Egirleta auzoa",,,,way
"Egirleta etorbidea",,,,way
"El Carmen plaza",,,,way
"El Lazo pasealekua",,,,way
"Elcano kalea",,,,way
"Elcano kalea / Calle Elcano",,,,way
"Elizalde kalea / Calle Elizalde",,,,way
"Elorriaga mendiaren kalea",,,,way
"Emiliano de Arriaga kalea",,,,way
"Enekuri - Artxanda errepidea",,,,way
"Enekuri etorbidea",,,,way
"Enkarnazio kalea / Calle de La Encarnación",,,,way
"Enkarnazio plazatxoa / Plaza de La Encarnación",,,,way
"Enkarnazio plazatxoa / Plazuela de la Encarnación",,,,way
"Enkarterri kalea / Calle Enkarterri",,,,way
"Enrique Ibarreta kalea / Calle Enrique Ibarreta",,,,way
"Erdikoetxe Kalea",,,,way
"Erdikoetxe kalea",,,,way
"Ernesto Erkoreka Plaza",,,,way
"Ernesto Erkoreka plaza / Plaza Ernesto Erkoreka",,,,way
"Erregatu kalea / Calle Erregatu",,,,way
"Errekakoetxe kalea",,,,way
"Errekaldeberri kalea / Calle Errekaldeberri",,,,way
"Erriberako zubia",,,,way
"Erripa kaia / Muelle de Ripa",,,,way
"Errondoko kalea",,,,way
"Errosario Santuaren kalea / Calle Santo Rosario",,,,way
Escaleras,,,,way
"Escaleras de Arangoiti",,,,way
"Escaleras entrada ""La Comercial""",,,,way
Eskailerak,,,,way
"Eskailerak / Escaleras",,,,way
"Eskola zeharkalea / Travesía de las Escuelas",,,,way
"Eskurtze biribilgunea",,,,way
"Eskurtze kalea / Calle Escurce",,,,way
"Esnarritzaga kalea",,,,way
"Espinosa Oribe Doktorearen kalea",,,,way
"Espinosa Oribe doktorearen kalea",,,,way
"Estitxu pasealekua",,,,way
"Estrada Abaro / Abaro estrata",,,,way
"Estrada Aldape / Aldape estrata",,,,way
"Estrada Beiti / Beiti estrata",,,,way
"Estrada Bizkorta Estrata",,,,way
"Estrada Caleros",,,,way
"Estrada Caleros / Kareaga estrata",,,,way
"Estrada Entrambasaguas",,,,way
"Estrada Entrambasaguas / Entrambasaguas estrata",,,,way
"Estrada Ezkerribai",,,,way
"Estrada Mendiarte",,,,way
"Estrada Zabalbidea / Zabalbidea Estrata",,,,way
"Estrada de Kaxtresana",,,,way
"Estrada de Mala / Mala estrata",,,,way
"Estrada de Masustegi",,,,way
"Estrada de Mikol / Mikol estrata",,,,way
"Estrada de Zabalbidea",,,,way
"Estrauntza kalea / Calle Estraunza",,,,way
"Estufa zeharkalea / Travesía Estufa",,,,way
"Etxenagusia margolariaren kalea / Calle Pintor Etxenagusia",,,,way
"Etxezuri Bidea",,,,way
"Etxezuri kalea",,,,way
"Eulalia Abaitua Kalea",,,,way
"Eulalia Abaitua zeharkalea",,,,way
"Euskadi plaza",,,,way
"Euskalduna biribilgunea - Rotonda Euskalduna",,,,way
"Euskalduna zeharkalea / Travesía Euskalduna",,,,way
"Euskalduna zubia",,,,way
"Fernández del Campo kalea",,,,way
"Fernando Jimenez DYA kidearen kalea",,,,way
"Fika Kalea",,,,way
"Fika kalea / Calle Fika",,,,way
"Frank Gehry zubia / Puente Frank Gehry",,,,way
"Fray Juan kalea",,,,way
"Funiko zubia / Puente del Funi",,,,way
"Funikularreko plaza",,,,way
"Gabriel Aresti etorbidea",,,,way
"Gabriel Aresti kalea",,,,way
"Galerias Isalo",,,,way
"Garai lorategia / Jardín de Garai",,,,way
"Garaizar kalea / Calle Garaizar",,,,way
"Garate kalea / Calle Gárate",,,,way
"García Salazar kalea / Calle García Salazar",,,,way
"Gas kalea",,,,way
"Gas plaza / Plaza del Gas",,,,way
"Gasteiz kalea / Calle Gasteiz",,,,way
"Gatzarriñe kalea",,,,way
"George Steer kalea / Calle George Steer",,,,way
"Georgia kalea / Calle Georgia",,,,way
"Gernika lorategien kalea / Calle Jardines Gernika",,,,way
"Giña estrata / Estrada de Giña",,,,way
"Gorliz kalea",,,,way
"Gorte kalea / Calle Cortes",,,,way
"Goyo Nadal kalea",,,,way
"Gran Vía Don Diego López de Haro / On Diego Lopez Haroko kale nagusia",,,,way
"Grupo Aldapeta / Aladapeta etxaldea",,,,way
"Grupo Aldapeta / Aldapeta etxaldea",,,,way
"Grupo Arabella / Arabella etxaldea",,,,way
"Grupo Artazubekoa / Artazubekoa etxaldea",,,,way
"Grupo Azurleku",,,,way
"Grupo Begoñalde / Begoñalde etxaldea",,,,way
"Grupo Bidegain",,,,way
"Grupo Bidegain / Bidegain etxaldea",,,,way
"Grupo Buenavista",,,,way
"Grupo Ciudad Jardín / Loruri etxaldea",,,,way
"Grupo Cooperativa Union Begoñesa Kalea",,,,way
"Grupo Dolaretxe",,,,way
"Grupo Ikastalde / Ikastalde etxaldea",,,,way
"Grupo Inmaculada / Garbikunde etxaldea",,,,way
"Grupo Jardín de Zorrotza",,,,way
"Grupo Lagunetxea",,,,way
"Grupo Mendigain / Mendigain etxaldea",,,,way
"Grupo Nueva Aurora / Nueva Aurora etxaldea",,,,way
"Grupo Obreros de la Jabonera",,,,way
"Grupo Pinadia / Pinadia etxaldea",,,,way
"Grupo Sagarminaga",,,,way
"Grupo Santa Ana / Santa Ana etxaldea",,,,way
"Grupo Santiago / Santiago etxaldea",,,,way
"Grupo Santo Domingo de Guzmán",,,,way
"Grupo Santo Domingo de Guzmán / Santo Domingo de Guzman etxaldea",,,,way
"Grupo Tomás Zubiria Ybarra",,,,way
"Grupo Torreurízar / Torreurizar etxaldea",,,,way
"Grupo Virgen del Pinar / Pinudiko Andra María etxaldea",,,,way
"Grupo Zazpilanda / Zazpilanda etxaldea",,,,way
"Guggenheim plaza",,,,way
"Guimón Rezola dokotorearen kalea / Calle Doctor Guimón Rezola",,,,way
"Gurena kalea",,,,way
"Guridi musikariaren plaza",,,,way
"Gurtubai kalea",,,,way
"Hiru Zutabe plaza / Plaza Tres Torres",,,,way
"Hiruki gunea",,,,way
"Ibai kalea",,,,way
"Ibaialde Parkea",,,,way
"Ibaiondo kalea",,,,way
"Ibaizabal landa kalea / Calle Campa del Ibaizabal",,,,way
"Ibarrekolanda kalea",,,,way
"Ibarrekolandabidea / Camino de Ibarrekolanda",,,,way
"Ibarsusibidea / Camino Ibarsusi",,,,way
"Ibeni kaia / Muelle Ibeni",,,,way
"Iciar maisuaren kalea / Calle de la Maestra Icíar",,,,way
"Ignacio Ellacuria kalea",,,,way
"Igoera etorbidea",,,,way
"Ikuspegi bidea",,,,way
"Illes Balears kalea / Calle Baleares",,,,way
"Illes Balears kalea / Calle Illes Balears",,,,way
"Indalecio Prietoren bulebarra / Bulevar de Indalecio Prieto",,,,way
"Indautxu plaza",,,,way
"Ingelesen landako kaia / Muelle Campa de los Ingleses",,,,way
"Iparragirre kalea",,,,way
"Iparragirre kalea / Calle Iparraguirre",,,,way
"Iparralde plaza",,,,way
"Irala zeharkalea / Travesía de Irala",,,,way
"Irumineta kalea / Calle Irumineta",,,,way
Irustabidea,,,,way
"Isaima etxealdea",,,,way
"Isiltasunaren Aldapa / Cuesta del Silencio",,,,way
"Isleta kalea / Calle Isleta",,,,way
"Iturburu kalea / Calle Iturburu",,,,way
"Iturralde kalea",,,,way
"Iturriaga kalea",,,,way
"Iturriaga zeharkalea / Travesía Iturriaga",,,,way
Iturribide,,,,way
"Iturribide Zeharkalea",,,,way
"Iturribide kalea",,,,way
Iturrigorribidea,,,,way
"Iturriondo plaza",,,,way
"Izarra kalea / Calle Izarra",,,,way
"Jado plaza / Plaza Jado",,,,way
"Jaén enparantza",,,,way
"Jardines Solokoetxe",,,,way
"Jasokunde auzoa",,,,way
"Jesus Galindez",,,,way
"Jesus Galindez etorbidea / Avenida Jesus Galindez",,,,way
"Jesusen Bihotza plaza / Plaza del Sagrado Corazón de Jesús",,,,way
"Joan XXIII Aita Santuaren plaza",,,,way
"José Anselmo Clavé pasealekua / Paseo de José Anselmo Clavé",,,,way
"Jose Maria Agirre Ertzainaren plaza",,,,way
"Jose Maria Lidon kalea / Calle José María Lidón",,,,way
"Jose Maria Makua Plaza",,,,way
"Jose Maria Ugarteburu kalea",,,,way
"Joxe Miguel de Barandiaran Kalea",,,,way
"Juan Antonio Zunzunegi etorbidea",,,,way
"Juan Antonio Zunzunegui etorbidea / Avenida Juan Antonio Zunzunegui",,,,way
"Juan Carlos de Gortazar kalea / Calle Juan Carlos de Gortazar",,,,way
"Juan Carlos de Gortazar kalea / Calle Juan Carlos de Gortázar",,,,way
"Juan Gardeazabal kalea",,,,way
"Juan Guisasola kalea / Calle Juan Guisasola",,,,way
"Juan Viar kalea",,,,way
"Juan Viar plaza / Plaza Juan Viar",,,,way
"Juan de Antxeta kalea / Calle Juan de Antxeta",,,,way
"Juan de Garay kalea",,,,way
"Juan de Irigoyen kalea / Calle Juan de Irigoyen",,,,way
"Juan de la Cosa kalea",,,,way
"Julia meategiaren kalea / Calle Mina Julia",,,,way
"Julian Bolivar Kalea",,,,way
"Julián Echevarría 'Camarón' kantoia / Cantón Julián Echevarría 'Camarón'",,,,way
"Julian Gaiarre etorbidea",,,,way
"Julian Gaiarre etorbidea / Travesía de Julián Gaiarre",,,,way
"Julian Gaiarre zeharkalea",,,,way
"Julian Zugazagoitia kalea",,,,way
"Julio Urquijo kalea / Calle Julio Urquijo",,,,way
"Julita Berrojalbiz kalea / Calle Julita Berrojalbiz",,,,way
"Kadaguako korridorea - Corredor del Cadagua",,,,way
"Kanariar Uharteen zeharkalea / Travesía de las Islas Canarias",,,,way
"Kanpazargana kalea / Calle Alto de Kanpazar",,,,way
"Kantauriko Autobidea / Autopista del Cantábrico",,,,way
"Kantauriko autobia - Autovía del Cantábrico",,,,way
"Kañu pasealekua / Paseo de los Caños",,,,way
"Karitateko Alaben kalea / Calle Hijas de la Caridad",,,,way
"Karmelo kalea",,,,way
"Karmeloko plaza",,,,way
"Karrusel plaza",,,,way
"Kastrexana etorbidea",,,,way
"Kaxtresana etorbidea",,,,way
"Kobeta auzoa",,,,way
"Kobeta bidea",,,,way
"Kobeta mendia",,,,way
"Kobetabide kalea",,,,way
Kobetabidea,,,,way
"Kobetabidea / Camino Kobeta",,,,way
"Kobetamendi bidea / Camino Kobetamendi",,,,way
"Konkordia Enparantza",,,,way
"Konpostelako Done Jakue kalea / Calle Santiago de Compostela",,,,way
"Kontzezio zeharkalea / Travesía Concepción",,,,way
"La Fraternidad kalea",,,,way
"Lagunetxea auzunea",,,,way
"Landabaso plaza",,,,way
"Landaburu baserria kalea",,,,way
"Landaorlegi kalea",,,,way
"Langaran kalea",,,,way
"Langaran kalea / Calle Langaran",,,,way
"Langile etxealdea",,,,way
"Larrakoetxe kalea / Calle Larrakoetxe",,,,way
"Larraskitu etorbidea",,,,way
"Larraskitu kalea / Avenida Larraskitu",,,,way
Larraskitubidea,,,,way
"Larratundu kalea / Calle Larratundu",,,,way
"Larreagaburu pasabidea",,,,way
"Larrinaga kalea",,,,way
"Lauaxeta enparantza / Plaza Lauaxeta",,,,way
"Laurencin Markesaren kalea",,,,way
"Lehendakari Leizaola Kalea",,,,way
"Leizaola lehendakariaren kalea",,,,way
"Lekanda kalea",,,,way
"Lepantoko guduaren kalea / Calle Batalla de Lepanto",,,,way
"Levante plaza",,,,way
"Lezamako trenbide zaharra kalea",,,,way
"Lezeaga kalea",,,,way
"Lezeaga kalea / Calle Lezeaga",,,,way
"Loruri eskailerak / Escaleras Loruri",,,,way
"Loruri zeharkalea / Travesía Ciudad Jardín",,,,way
"Losada margolaria kalea / Calle Pintor Losada",,,,way
Lozoño,,,,way
"Lucía Yarza pasealekua",,,,way
"Luis Luciano Bonaparte",,,,way
"Luis Luciano Bonaparte kalea",,,,way
"Luis Power kalea",,,,way
Luzuribidea,,,,way
"Madariaga etorbidea",,,,way
"Makaldi etxaldea / Grupo Makaldi",,,,way
"Malaespera meategiaren bidea / Camino Mina Malaespera",,,,way
"Manuel Allende kalea / Calle Manuel Allende",,,,way
"Marcelino Menendez y Pelayo kalea / Calle Marcelino Menendez Pelayo",,,,way
"Margarita Lopez de Maturana dohatsuaren kalea / Calle Beata Margarita López de Maturana",,,,way
"Maria Aguirre-Aguirre kalea / Calle María Aguirre-Aguirre",,,,way
"Maria Diaz de Haro kalea",,,,way
"Mariaren Bihotza plaza / Plaza Corazón de María",,,,relation
"Martin Aguero kalea / Calle Martín Aguero",,,,way
"Martin Barua Picaza kalea",,,,way
"Martzana kalea",,,,way
"Martzana kalea / Calle Martzana",,,,way
"Martzanako kaia / Muelle de Marzana",,,,way
"Masustegi - Mintegitxueta errepidea",,,,way
"Masustegi auzoa",,,,way
"Masustegi estrata",,,,way
"Masustegi estrata / Estrada Masustegi",,,,way
"Masustegi estrata / Estrada de Masustegi",,,,way
"Masustegi kalea / Calle Mazustegui",,,,way
"Masustegi zeharkalea",,,,way
"Maurice Ravel etorbidea / Avenida Maurice Ravel",,,,way
"Mazarredo zumarkalea / Alameda Mazarredo",,,,way
"Mazustegi zeharkalea",,,,way
"Mena kalea / Calle Mena",,,,way
"Mendiri Maisuaren kalea",,,,way
"Mendiri maisuaren kalea / Calle Maestro Mendiri",,,,way
"Mesedeetako Kalea / Calle La Merced",,,,way
"Mesedeetako kaia / Muelle La Merced",,,,way
"Miguel de Unamuno plaza",,,,way
"Mintegitxueta auzoa",,,,way
"Mirador a Bilbao etxaldea / Grupo Mirador a Bilbao",,,,way
"Miraflores - Larreagaburu zubia / Puente de Miraflores - Larreagaburu",,,,way
"Miraflores etorbidea",,,,way
"Miraflores etorbidea / Avenida Miraflores",,,,way
"Miramar kalea",,,,way
Miramarbidea,,,,way
"Mirasol kondearen kalea / Calle Conde Mirasol",,,,way
"Miravilla mendiaren kalea / Calle Monte Miravilla",,,,way
"Miribilla kalea / Calle Miribilla",,,,way
"Mitxel Labegerie kalea / Calle Mitxel Labegerie",,,,way
"Monasterio kalea / Calle Particular de Monasterio",,,,way
"Montaño etxaldea",,,,way
"Monte Avril bidea",,,,way
"Montevideo etorbidea / Avenida de Montevideo",,,,way
"Montserrat Andra Maria kalea / Calle Nuestra Señora de Montserrat",,,,way
"More estrata",,,,way
"Morgan kalea / Calle Morgan",,,,way
"Muelle Olabeaga / Olabeaga kaia",,,,way
"Muelle Ramón de la Sota y Llano",,,,way
"Muelle Sirgueras / Zirgariak kaia",,,,way
"Muelle Urazurrutia",,,,way
"Muelle Urazurrutia / Urazurrutiko kaia",,,,way
"Muelle de Evaristo Churruca y Brunet / Evaristo Churruca kaia",,,,way
"Muelle de La Merced / Mesedeetako kaia",,,,way
"Muelle de las Sirgueras",,,,way
"Navarro Villoslada kalea / Calle Navarro Villoslada",,,,way
"Novia Salcedo kalea / Calle Novia Salcedo",,,,way
"Nuevo Acceso Autopista",,,,way
"Ogoño kalea / Calle Ogoño",,,,way
"Oiz mendiaren kalea",,,,way
"Olabeaga - Zorrotza Bidegorria",,,,way
"Olabeaga adarra / Ramal de Olabeaga",,,,way
"Olabeaga kaia / Muelle de Olabeaga",,,,way
"Olagorta kalea / Calle Olagorta",,,,way
"Olagorta pasealekua",,,,way
"Olano kalea / Calle Olano",,,,way
"Olatxu kalea / Calle Olatxu",,,,way
"Ollerietabarrena kalea / Calle Ollerías Bajas",,,,way
"Ollerietagoiena kalea / Calle Ollerias Altas",,,,way
"Ollerietagoiena zeharkalea / Travesía de las Ollerías Altas",,,,way
"On Claudio Gallastegi kalea / Calle Claudio Gallastegi",,,,way
"On Claudio Gallastegi kalea / Calle Don Claudio Gallastegi",,,,way
"Ondarroa kalea",,,,way
"Orixe kalea / Calle Orixe",,,,way
"Ornilla doktorearen kalea",,,,way
"Ornilla doktorearen kalea / Calle Doctor Ornilla",,,,way
"Ortutxueta kalea / Calle Ortutxueta",,,,way
"Ortuzar kalea",,,,way
"Oruetabidea kalea / Calle Oruetabidea",,,,way
"Otxarkoagabidea / Camino Otxarkoagabidea",,,,way
"Pablo Alzola kalea",,,,way
"Pablo Picasso kalea",,,,way
"Pablo Zamarripa kalea",,,,way
"Padurako guduaren kalea / Calle Batalla de Padura",,,,way
"Pagasarri bide zaharra / Camino viejo al Pagasarri",,,,way
Pagasarribidea,,,,way
"Pagoeta kalea",,,,way
"Parque Etxebarria",,,,way
"Parque Recreativo Botica Vieja",,,,relation
"Particular Allende kalea",,,,way
"Paseo Campo Volantín / Campo Volantin pasealekua",,,,way
"Paseo La Laguna",,,,way
"Paseo Puerta de Bizkaia",,,,way
"Paseo de Berge y Salcedo",,,,way
"Paseo de Eduardo Victoria de Lecea",,,,way
"Paseo de La Luz",,,,way
"Paseo de Miravista",,,,way
"Paseo de Uribitarte / Uribitarte pasealekua",,,,way
"Paseo del Medio",,,,way
"Paseo del Pato",,,,way
"Pau Casals etorbidea / Avenida Pau Casals",,,,way
"Pedro Astigarraga plaza",,,,relation+way
"Pedro Cortés udal sendagilearen etxaldea / Grupo del Médico Municipal Pedro Cortés",,,,way
"Pedro Martínez Artola kalea",,,,relation
"Pintor A. Guezala",,,,way
"Pio Baroja plaza / Plaza Pío Baroja",,,,relation
"Pista de Banderas a Bilbao",,,,way
"Plaza Aita Donosti",,,,way
"Plaza Ballets Olaeta",,,,way
"Plaza Behekoa",,,,way
"Plaza Bombero Etxaniz / Etxaniz suhiltzailearen plaza",,,,way
"Plaza Casilla / Etxetxua plaza",,,,way
"Plaza Celestino María del Arenal / Celestino Maria del Arenal plaza",,,,way
"Plaza Circular / Plaza Biribila",,,,way
"Plaza Corazón de María",,,,way
"Plaza Ernesto Erkoreka / Ernesto Erkoreka plaza",,,,way
"Plaza Eugenio Olabarrieta",,,,way
"Plaza Euskadi / Euskadi plaza",,,,way
"Plaza Garellano",,,,way
"Plaza General Latorre / Latorre Jeneralaren plaza",,,,way
"Plaza Gorostizagatorre",,,,way
"Plaza Haro",,,,way
"Plaza Kepa Enbeitia ""Urretxindorra""",,,,way
"Plaza La Fuente",,,,way
"Plaza La Pérgola",,,,way
"Plaza Larrakoetxe",,,,way
"Plaza Miguel De Unamuno / Miguel de Unamuno plaza",,,,way
"Plaza Miraflores",,,,way
"Plaza Moraza / Moraza plaza",,,,way
"Plaza Nueva / Plaza Barria",,,,way
"Plaza Reverendo Santiago Lassalle",,,,way
"Plaza San Martín Ascensión",,,,way
"Plaza San Pablo",,,,way
"Plaza San Pedro",,,,way
"Plaza San Pedro / Done Petri plaza",,,,way
"Plaza San Pío X / San Pio X.aren plaza",,,,way
"Plaza Tres Torres",,,,way
"Plaza Valle del Baztan / Baztan haranaren plaza",,,,way
"Plaza Venezuela / Venezuela plaza",,,,way
"Plaza Yolanda González",,,,way
"Plaza Zabálburu",,,,way
"Plaza de Aguirre",,,,way
"Plaza de Almería",,,,way
"Plaza de Federico Moyúa / Federico Moyua plaza",,,,way
"Plaza de Haro",,,,way
"Plaza de Pedro Eguillor",,,,way
"Plaza de San Miguel",,,,way
"Plaza de San Nicolás",,,,way
"Plaza de Urízar",,,,way
"Plaza de la Cantera",,,,way
"Plaza del Ensanche",,,,way
"Plaza del Ensanche / Zabalgune plaza",,,,way
"Plaza del Museo / Museo plaza",,,,way
"Plaza del Pato",,,,way
"Plazuela Cocherito de Bilbao",,,,way
"Plazuela de Felipa Zubicaray",,,,way
"Plentzia kalea",,,,way
"Polboretxebidea / Camino de El Polvorín",,,,way
"Portuko kalea / Calle del Puerto",,,,way
"Portuondo kalea",,,,way
"Prim kalea",,,,way
"Prim plaza / Plaza Prim",,,,way
"Puente Colgante de Santa Águeda-Echevarría (1956)",,,,way
"Puente Etxebarri",,,,way
"Puente Euskalduna - Euskalduna zubia",,,,way
"Puente Euskalduna / Euskalduna zubia",,,,way
"Puente Frank Gehry zubia",,,,way
"Puente La Ribera / Erribera zubia",,,,way
"Puente Larraskitu",,,,way
"Puente San Antón / San Antón zubia",,,,way
"Puente de Burtzeña",,,,way
"Puente de Cantalojas",,,,way
"Puente de Deusto / Deustuko zubia",,,,way
"Puente de Deustu",,,,way
"Puente de Deustu / Deustuko zubia",,,,way
"Puente de Ibarrekolanda / Ibarrekolandako zubia",,,,way
"Puente de La Merced / Mesedeetako zubia",,,,way
"Puente de San Ignazio - San Inazio zubia",,,,way
"Puente de la Puerta",,,,way
"Puente del Arenal / Areatzako zubia",,,,way
"Puente del Ayuntamiento",,,,way
"Puente del Funi",,,,way
"Puente del Tubo",,,,way
"Punte de la Ribera - Erriberako zubia",,,,way
"Punto de encuentro",,,,way
"Quintana kalea / Calle Quintana",,,,way
"Rafael Moreno ""Pitxitxi"" pasealekua / Calle Rafael ""Moreno Pitxitxi""",,,,way
"Rafael Moreno ""Pitxitxi"" pasealekua / Paseo Rafael ""Moreno Pitxitxi""",,,,way
"Raimundo Pérez Lezama kalea / Calle Raimundo Pérez Lezama",,,,way
"Ramon de la Sota kaia",,,,way
"Ramón de la Sota kaia",,,,way
"Ramon de la Sota kaia - Muelle Ramón de la Sota y Llano",,,,way
"Ramón y Cajal etorbidea / Avenida de Ramón y Cajal",,,,way
"Ramón y Cajal zeharbidea / Travesía Ramón y Cajal",,,,way
"Rampa - Arrapala",,,,way
"Rampas de Uribitarte / Uribitarte erranplak",,,,way
"Recalde zumarkalea / Alameda Recalde",,,,way
"Rekalde zumarkalea / Alameda Recalde",,,,way
"Remigio Gandasegui Monseñorearen Kalea",,,,way
"Resurreccion Maria de Azkue kalea",,,,way
"Reverendo Santiago Lasalle plaza / Plaza Reverendo Santiago Lasalle",,,,way
"Ribera Botica Vieja / Botikazar erribera",,,,way
"Ribera Elorrieta erribera",,,,way
"Ribera Ramón de la Sota y Llano",,,,way
"Ribera de Bolueta kalea",,,,way
"Ribera de Deusto / Deustuibarra",,,,way
"Ribera de Zorrotzaurre / Zorrotzaurreko erribera",,,,way
"Ricardo Bastida arkitektoaren plaza",,,,way
"Rotonda de Don Bosco",,,,way
"Rotonda de Don Bosco / Don Bosco biribilgunea",,,,way
"Rotonda de Elorrieta - Elorrietako biribilgunea",,,,way
"Rotonda de Sta. Marina",,,,way
"Sabino Arana etorbidea / Avenida de Sabino Arana",,,,way
"Sabino Aranako bidegorria",,,,way
"Sagarminaga kalea / Calle Sagarmínaga",,,,way
"Sagarminaga zeharkalea",,,,way
"Salazar kalea",,,,way
"Salazar kalea / Calle Salazar",,,,way
"Salbe zubia / Puente La Salve",,,,way
"Salbe-Ugasko tunela / Túnel La Salve-Ugasko",,,,way
"San Adrian etorbidea",,,,way
"San Adrian kalea / Calle San Adrián",,,,way
"San Agustin estrata",,,,way
"San Anton kaia / Muelle de San Antón",,,,way
"San Anton zubia / Puente de San Antón",,,,way
"San Bernabé auzoa",,,,way
"San Felicisimo bidea",,,,way
"San Felicisimo bidea / Camino San Felicísimo",,,,way
"San Francisquito kalea",,,,way
"San Isidro kalea / Calle San Isidro",,,,way
"San Joakin kalea / Calle San Joaquín",,,,way
"San Joaquin kalea",,,,way
"San Luis meategiaren kalea",,,,way
"San Luis meategiaren kalea / Calle de la Mina de San Luis",,,,way
"San Nicolás de Olabeaga kalea",,,,way
"San Nicolas plazatxoa / Plaza de San Nicolás",,,,way
"San Paulo kalea / Calle San Pablo",,,,way
"San Pio X.a plaza",,,,way
"San Roke bidea",,,,way
"Sancho de Azpeitia kalea",,,,way
"Sanrokebidea bidea",,,,way
"Santa Isabel kalea / Calle Santa Isabel",,,,way
"Santa Klara kalea",,,,way
"Santa Luzia kalea",,,,way
"Santa Monika Biribilgunea",,,,way
"Santa Monika Pasealekua",,,,way
"Santa Monika kalea",,,,way
"Santa Zezilia kalea",,,,way
"Santiago Aznar kalea",,,,way
"Santiago Aznar kalea / Calle Santiago Aznar",,,,way
"Santiago Brouard kalea",,,,way
"Santo Domingo Gaina",,,,way
"Santurtzi kalea",,,,way
"Santutxu kalea",,,,way
"Santutxu kalea / Calle Santutxu",,,,way
"Saralegi plaza / Plaza de Saralegui",,,,way
"Sarrikoalde plaza",,,,way
"Sarrikue etxetaldea",,,,way
"Sasiburu kalea",,,,way
"Seber Altube kalea / Calle Seber Altube",,,,way
Seberetxebidea,,,,way
"Senidetasun kalea / Calle La Fraternidad",,,,way
"Senidetasuna kalea / Calle La Fraternidad",,,,way
"Serantes kalea",,,,way
"Soka kalea",,,,way
"Sollube kalea",,,,way
"Solokoetxe kalea",,,,way
"Solokoetxeko Eskailerak",,,,way
"Solokoetxeko eskailerak",,,,way
"Somosierra ganeko plaza",,,,way
"Sorkunde kalea",,,,way
"Subida de la Catedral",,,,way
"Telesforo Aranzadi kalea",,,,way
"Tellaetxebidea kalea",,,,way
"Telmo Zarra kalea / Calle Telmo Zarra",,,,way
"Tenor Constantino kalea",,,,way
"Tenor Fagoaga kalea",,,,way
"Tenorearen Fagoaga Kalea",,,,way
"Teófilo Guiard kalea",,,,way
"Terraza Astillero",,,,way
"Terraza de la Cantera de Kobeta",,,,way
"Terraza de la Cantera de Peñascal",,,,way
"Tiboli kalea",,,,way
"Tolosa kalea / Calle Tolosa",,,,way
"Torre Gorostizaga kalea",,,,way
"Torres Quevedo ingeniariaren plaza / Plaza Ingeniero Torres Quevedo",,,,way
"Trasera de calle Burgos / Burgos kalearen atzealdea",,,,way
"Trauko kalea",,,,way
"Trauko zeharkalea",,,,way
"Travesía Altube / Altube zeharkalea",,,,way
"Travesía Arbolantxa",,,,way
"Travesía Príncipe de Viana",,,,way
"Travesía Zabala / Zabalaren zekarkalea",,,,way
"Travesía de Tiboli / Tiboli zeharkalea",,,,way
"Travesía de Uribitarte / Uribitarte zeharkalea",,,,way
"Travesía de los Espinos / Elorri zeharkalea",,,,way
"Trenbideko etorbidea / Avenida del Ferrocarril",,,,way
Trokabidea,,,,way
"Túnel Carmelo Bernaola",,,,way
"Túnel Nagusia",,,,way
"Túneles de Artxanda (La Salve-Valle de Asúa)",,,,way
"Túneles de Artxanda (Túnel Ugasko-Valle de Asúa)",,,,way
"Tutera kalea / Calle Tudela",,,,way
"Tutulu kalea",,,,way
"Txirrita kalea",,,,way
"Txomin Garat etorbidea / Avenida Txomin Garat",,,,way
"Txotena kalea / Calle Txotena",,,,way
"Udaletxeko zubia",,,,way
"Udaletxeko zubia / Puente del Ayuntamiento",,,,way
"Ugarte kalea / Calle Ugarte",,,,way
"Ugarteburu kalea / Calle Ugarteburu",,,,way
"Ugasko auzoa",,,,way
"Ugasko bidea",,,,way
"Ugatz Parrokoaren Zeharkalea",,,,way
"Ugatz parrokoaren zeharkalea / Calle del Párroco Ugatz",,,,way
"Unibertsitate etorbidea",,,,way
"Untzeta parrokoaren auzunea / Barriada Párroco Unzeta",,,,way
"Untziola kalea",,,,way
"Urazurrutia kalea",,,,way
"Urazurrutia kalea / Calle Urazurrutia",,,,way
"Uretamendi pasealekua",,,,way
"Urgozo kalea",,,,way
"Uribarri ""A"" zeharkalea / Travesía ""A"" de Uribarri",,,,way
"Uribarri ""B"" zeharkalea / Travesía ""B"" de Uribarri",,,,way
"Uribarri ""C"" zeharkalea / Travesía ""C"" de Uribarri",,,,way
"Uribarri B zeharkalea",,,,way
"Uribarri enparantza",,,,relation
"Uribarri kalea",,,,way
"Uribarriko arranpala / Rampas de Uribarri",,,,way
"Uribitarte kalea / Calle Uribitarte",,,,way
"Uribitarte pasealekua / Paseo de Uribitarte",,,,way
"Uribitarteko erranplak / Rampas de Uribitarte",,,,way
"Urizar plaza / Plaza Urízar",,,,way
"Urkixo galeriak / Galerías Urquijo",,,,way
"Variante Este de Bilbao",,,,way
"Variante Norte",,,,way
"Variante Sur Metropolitana",,,,way
"Variante Sur Metropolitana de Bilbao",,,,way
"Viar Juan kalea",,,,way
"Víctor Chavarri plaza / Plaza Víctor Chavarri",,,,way
"Vista Alegre kalea / Calle Vista Alegre",,,,way
"Von Siemens plaza / Plaza Von Siemens",,,,way
"Xalbador kalea",,,,way
"Xoko kalea",,,,way
"Zabalbide kalea",,,,way
"Zabalburu enparantza",,,,way
"Zamudioko atea / Portal de Zamudio",,,,way
"Zarandoa etorbidea / Avenida Zarandoa",,,,way
"Zazelu auzoa",,,,way
"Zezen pasealekua",,,,way
"Zizeruena kalea / Calle Zizeruena",,,,way
"Zona de ejercicios caninos",,,,way
"Zorrotzaurreko errribera",,,,way
"Zubeko zubia",,,,way
Zubizuri,,,,way
"Zuhatzu kalea / Calle Zuhatzu",,,,way
"Zumadi kalea",,,,way
"Zumaia kalea",,,,way
"Zumalacarregui etorbidea / Avenida Zumalacarregui",,,,way
"Zumalakarregi etorbidea",,,,way
Zumarraga,,,,way
"Zumarraga kalea",,,,way
"Zumarraga kalea / Calle Zumarraga",,,,way
"Zumarraga plaza",,,,way
Zurbaranbarri,,,,way
"Zurbaranbarri auzoa / Barrio Zurbaranbarri",,,,way
"Zurbaranbarri parkea",,,,way
Zurbaranbidea,,,,way
"calle calva",,,,way
mesas,,,,way
"sendero bolintxu",,,,way
